student_id,subject,teacher_id,quiz1,quiz2,quiz3,attendance
S001,Physics,T001_Sharma,82,81.1,72.7,80.4
S002,English,T001_Sharma,72,70.3,69.4,83.2
S003,Chemistry,T002_Kumar,67,58.8,36.7,62.8
S004,Chemistry,T004_Singh,72,69.2,57.7,95.8
S005,Biology,T003_Patel,52,63.2,68.9,100
S006,Math,T001_Sharma,40,34.5,31.8,88.5
S007,Math,T005_Mehta,51,55.5,57.8,66.9
S008,English,T001_Sharma,59,64.9,67.8,86.0
S009,English,T003_Patel,71,72.1,72.6,85.6
S010,Chemistry,T003_Patel,40,49.9,37.8,53.0
S011,Math,T004_Singh,75,77.4,78.6,76.9
S012,Math,T002_Kumar,77,75.0,74.0,100
S013,Physics,T005_Mehta,75,81.1,74.2,89.1
S014,Biology,T004_Singh,52,63.4,69.1,81.1
S015,English,T002_Kumar,78,71.8,68.8,97.3
S016,Physics,T002_Kumar,37,39.7,34.1,60.6
S017,Chemistry,T005_Mehta,80,75.4,56.1,88.1
S018,Biology,T002_Kumar,51,59.5,63.7,94.7
S019,English,T003_Patel,82,67.3,59.9,71.2
S020,Biology,T003_Patel,49,53.4,55.5,81.9
S021,Biology,T001_Sharma,83,86.7,88.5,83.4
S022,Chemistry,T004_Singh,73,80.2,64.8,76.6
S023,English,T003_Patel,70,70.8,71.2,80.8
S024,Physics,T005_Mehta,83,81.8,73.2,89.1
S025,Math,T004_Singh,45,26.0,16.5,89.1
S026,Math,T005_Mehta,83,90.7,94.5,100
S027,Math,T005_Mehta,73,75.4,76.7,91.2
S028,Chemistry,T005_Mehta,84,99.8,85,59.4
S029,Biology,T001_Sharma,42,56.8,64.2,73.1
S030,Math,T002_Kumar,38,38.6,38.9,94.9
S031,Physics,T001_Sharma,81,78.0,67.5,72.4
S032,Chemistry,T004_Singh,70,75.0,59.5,84.7
S033,Chemistry,T005_Mehta,83,82.3,68.0,64.0
S034,Biology,T003_Patel,63,70.1,73.6,75.5
S035,Chemistry,T002_Kumar,39,33.4,18.6,85.6
S036,English,T002_Kumar,35,45.2,50.3,88.1
S037,Chemistry,T001_Sharma,37,38.9,27.9,68.4
S038,Math,T004_Singh,48,35.6,29.3,78.1
S039,English,T005_Mehta,65,65.4,65.6,93.3
S040,Biology,T002_Kumar,41,48.0,51.5,88.1
S041,Biology,T004_Singh,64,65.8,66.6,79.5
S042,Physics,T001_Sharma,60,58.0,49.1,50.7
S043,Chemistry,T002_Kumar,47,42.7,30.6,70.5
S044,Math,T004_Singh,50,52.2,53.3,79.2
S045,English,T001_Sharma,38,32.2,29.4,71.8
S046,Physics,T001_Sharma,83,85.8,67.2,66.1
S047,Biology,T002_Kumar,60,63.9,65.9,78.5
S048,Physics,T004_Singh,51,63.6,55.8,62.6
S049,Biology,T005_Mehta,77,76.1,75.6,76.3
S050,Math,T002_Kumar,38,29.2,24.8,76.0
S051,Math,T001_Sharma,38,29.8,25.8,76.0
S052,English,T002_Kumar,38,41.2,42.8,81.0
S053,Chemistry,T001_Sharma,73,87.5,77.7,81.9
S054,Physics,T005_Mehta,50,48.0,40.0,70.4
S055,Biology,T005_Mehta,71,52.5,43.3,78.7
S056,Chemistry,T003_Patel,50,49.6,35.4,78.3
S057,Biology,T003_Patel,83,84.0,84.5,81.5
S058,English,T005_Mehta,41,46.0,48.4,85.1
S059,Math,T002_Kumar,57,69.1,75.1,68.0
S060,Math,T003_Patel,45,35.7,31.1,86.7
S061,Math,T005_Mehta,76,64.3,58.5,79.3
S062,English,T003_Patel,77,90.1,96.6,94.4
S063,Math,T001_Sharma,41,40.8,40.7,76.2
S064,Math,T005_Mehta,48,46.9,46.4,75.4
S065,Math,T005_Mehta,66,65.9,65.8,100
S066,Physics,T001_Sharma,75,69.3,61.4,76.5
S067,Math,T002_Kumar,75,79.7,82.1,81.2
S068,Biology,T005_Mehta,80,79.0,78.5,82.6
S069,Physics,T002_Kumar,69,76.5,71.2,74.6
S070,Biology,T002_Kumar,37,30.9,27.8,100
S071,Physics,T003_Patel,48,43.1,24.6,55.8
S072,English,T004_Singh,74,73.9,73.9,59.2
S073,Chemistry,T002_Kumar,46,47.3,33.0,70.2
S074,Biology,T002_Kumar,52,58.7,62.1,95.1
S075,Biology,T001_Sharma,65,67.5,68.8,100
S076,Biology,T003_Patel,54,60.9,64.4,63.7
S077,Chemistry,T001_Sharma,77,79.5,73.7,82.0
S078,Math,T003_Patel,76,64.0,57.9,81.1
S079,English,T003_Patel,36,51.9,59.8,99.6
S080,Chemistry,T005_Mehta,51,61.5,50.7,75.8
S081,Math,T004_Singh,73,76.9,78.9,81.5
S082,English,T002_Kumar,51,59.2,63.3,84.9
S083,English,T005_Mehta,78,75.5,74.2,65.8
S084,Chemistry,T003_Patel,62,72.7,63.0,79.5
S085,English,T003_Patel,77,84.4,88.1,69.0
S086,Math,T005_Mehta,54,50.5,48.7,74.3
S087,Math,T005_Mehta,43,47.2,49.3,95.8
S088,Biology,T002_Kumar,74,66.6,62.9,77.7
S089,Physics,T003_Patel,53,56.5,43.2,92.4
S090,Biology,T004_Singh,63,58.7,56.5,71.3
S091,Chemistry,T001_Sharma,53,41.7,21.1,70.4
S092,Physics,T002_Kumar,78,72.6,60.9,92.2
S093,Physics,T001_Sharma,50,60.9,59.4,70.3
S094,Biology,T004_Singh,75,63.7,58.0,74.7
S095,Biology,T004_Singh,60,60.4,60.7,96.6
S096,Physics,T001_Sharma,84,79.6,58.3,75.4
S097,Physics,T005_Mehta,50,53.5,46.3,69.0
S098,Biology,T005_Mehta,70,53.8,45.8,68.2
S099,Biology,T005_Mehta,81,87.6,90.9,75.4
S100,English,T004_Singh,45,44.6,44.5,70.7
S101,Math,T002_Kumar,75,72.6,71.4,99.1
S102,Biology,T002_Kumar,52,40.2,34.4,87.8
S103,Chemistry,T003_Patel,56,51.8,40.7,85.5
S104,Chemistry,T002_Kumar,59,54.7,45.5,54.4
S105,Biology,T004_Singh,56,48.0,44.0,79.3
S106,Chemistry,T004_Singh,59,67.8,67.1,63.1
S107,English,T004_Singh,65,72.4,76.2,82.3
S108,Biology,T004_Singh,69,68.8,68.8,69.4
S109,English,T002_Kumar,66,67.6,68.5,92.5
S110,Physics,T004_Singh,56,49.0,35.5,53.3
S111,Biology,T002_Kumar,74,57.0,48.4,77.4
S112,English,T005_Mehta,77,88.3,94.0,84.4
S113,Chemistry,T004_Singh,46,53.4,46.1,75.6
S114,Biology,T003_Patel,56,56.6,56.8,72.3
S115,Biology,T003_Patel,40,26.9,20.4,85.1
S116,Physics,T003_Patel,49,40.8,30.7,55.1
S117,Physics,T002_Kumar,47,52.9,43.9,57.8
S118,Chemistry,T004_Singh,77,91.6,79.9,91.2
S119,Math,T003_Patel,45,28.8,20.7,66.1
S120,Physics,T002_Kumar,54,55.4,42.1,73.7
S121,English,T004_Singh,60,65.0,67.4,79.6
S122,English,T002_Kumar,41,38.8,37.7,74.0
S123,English,T001_Sharma,85,98.9,100,80.2
S124,Math,T005_Mehta,62,60.4,59.6,78.8
S125,Math,T001_Sharma,61,62.7,63.5,77.8
S126,Math,T004_Singh,80,82.9,84.3,87.1
S127,English,T003_Patel,74,77.6,79.3,70.4
S128,Biology,T004_Singh,62,66.9,69.4,70.1
S129,Math,T002_Kumar,40,38.4,37.6,92.8
S130,Biology,T005_Mehta,74,70.4,68.7,74.1
S131,Biology,T003_Patel,46,38.5,34.8,82.7
S132,Math,T003_Patel,52,61.1,65.6,71.4
S133,Math,T005_Mehta,35,29.8,27.2,81.3
S134,Chemistry,T004_Singh,66,60.4,37.6,69.0
S135,Biology,T004_Singh,85,91.6,95.0,82.9
S136,Biology,T002_Kumar,54,50.0,48.1,73.8
S137,English,T005_Mehta,57,45.2,39.3,89.5
S138,Math,T003_Patel,79,72.4,69.2,84.5
S139,Chemistry,T001_Sharma,81,82.4,73.1,77.7
S140,Chemistry,T002_Kumar,82,69.2,48.8,73.9
S141,Physics,T002_Kumar,53,53.7,49.1,79.5
S142,English,T002_Kumar,52,54.6,55.9,82.9
S143,Math,T002_Kumar,75,81.3,84.4,73.5
S144,Physics,T005_Mehta,53,44.5,30.3,74.5
S145,Physics,T003_Patel,65,67.2,48.3,74.9
S146,Physics,T005_Mehta,75,73.2,58.3,65.7
S147,Physics,T002_Kumar,42,34.2,18.4,67.6
S148,English,T004_Singh,63,68.6,71.5,77.4
S149,English,T004_Singh,54,51.4,50.2,80.5
S150,Physics,T002_Kumar,75,77.9,69.3,89.1
S151,Chemistry,T002_Kumar,70,70.5,51.8,72.4
S152,English,T004_Singh,53,59.5,62.7,83.7
S153,Math,T004_Singh,39,32.0,28.6,61.0
S154,English,T002_Kumar,62,66.3,68.4,86.7
S155,Chemistry,T003_Patel,44,48.3,36.5,75.1
S156,English,T005_Mehta,53,44.7,40.5,86.2
S157,Math,T004_Singh,52,42.7,38.0,82.0
S158,Physics,T005_Mehta,37,47.0,39.0,59.5
S159,Physics,T001_Sharma,49,63.8,66.2,66.6
S160,Math,T005_Mehta,37,37.4,37.6,75.8
S161,English,T004_Singh,52,56.4,58.6,94.1
S162,Biology,T001_Sharma,65,60.8,58.8,89.4
S163,Physics,T002_Kumar,56,48.0,27.1,79.4
S164,English,T001_Sharma,64,69.2,71.8,86.0
S165,Physics,T004_Singh,67,67.2,48.3,71.5
S166,Biology,T001_Sharma,47,35.9,30.4,80.4
S167,Biology,T004_Singh,83,89.0,92.0,84.5
S168,Chemistry,T003_Patel,63,69.7,68.1,62.6
S169,English,T002_Kumar,80,85.5,88.3,92.6
S170,English,T004_Singh,40,42.4,43.6,100
S171,Physics,T004_Singh,42,39.2,23.8,66.4
S172,English,T003_Patel,61,72.4,78.1,57.9
S173,Chemistry,T004_Singh,70,73.2,65.8,78.2
S174,Physics,T003_Patel,84,86.1,74.1,60.0
S175,Physics,T003_Patel,81,77.8,56.2,87.2
S176,Chemistry,T004_Singh,69,61.8,41.3,73.1
S177,Biology,T003_Patel,47,52.9,55.8,81.1
S178,Biology,T002_Kumar,84,78.1,75.1,86.7
S179,Biology,T004_Singh,59,73.1,80.2,80.7
S180,Chemistry,T004_Singh,37,51.6,43.8,94.2
S181,Physics,T004_Singh,41,32.3,18.9,69.8
S182,Biology,T002_Kumar,39,18.3,7.9,87.0
S183,Math,T005_Mehta,79,76.4,75.1,84.5
S184,Math,T005_Mehta,59,69.8,75.2,78.0
S185,Biology,T005_Mehta,37,32.7,30.5,77.1
S186,Math,T002_Kumar,82,100,100,96.9
S187,Physics,T004_Singh,45,39.0,30.1,47.6
S188,Math,T001_Sharma,53,47.7,45.0,90.2
S189,Chemistry,T005_Mehta,61,48.0,31.5,63.4
S190,Chemistry,T001_Sharma,74,81.7,73.5,59.9
S191,Biology,T005_Mehta,44,45.3,45.9,96.2
S192,Biology,T003_Patel,77,91.4,98.6,83.1
S193,Math,T005_Mehta,45,62.2,70.9,92.8
S194,English,T003_Patel,75,86.9,92.9,78.4
S195,Biology,T003_Patel,47,62.7,70.5,81.9
S196,Physics,T002_Kumar,59,49.6,30.9,65.1
S197,Physics,T004_Singh,52,68.0,70.0,73.2
S198,English,T004_Singh,53,53.9,54.4,74.9
S199,Math,T002_Kumar,75,77.2,78.3,89.1
S200,Chemistry,T001_Sharma,75,70.8,49.7,63.8
S201,Physics,T005_Mehta,58,57.6,43.4,66.8
S202,Math,T004_Singh,46,50.3,52.4,98.7
S203,Math,T005_Mehta,67,79.9,86.3,72.3
S204,Math,T004_Singh,53,52.8,52.8,72.9
S205,Physics,T004_Singh,39,52.2,41.8,96.2
S206,English,T003_Patel,40,40.3,40.5,80.4
S207,English,T001_Sharma,64,55.0,50.5,94.2
S208,Math,T005_Mehta,59,67.3,71.5,60.7
S209,Physics,T002_Kumar,65,81.4,74.6,75.9
S210,English,T002_Kumar,76,89.7,96.6,89.2
S211,Math,T004_Singh,42,54.4,60.5,100
S212,Math,T004_Singh,42,55.7,62.5,94.0
S213,Chemistry,T004_Singh,64,50.5,25.8,93.2
S214,English,T002_Kumar,61,52.5,48.2,66.3
S215,English,T004_Singh,52,59.5,63.3,84.0
S216,Biology,T004_Singh,50,52.3,53.4,78.4
S217,Math,T005_Mehta,76,70.9,68.4,89.8
S218,Chemistry,T001_Sharma,64,68.6,65.9,76.5
S219,Physics,T003_Patel,50,64.0,60.1,70.5
S220,Physics,T005_Mehta,48,35.5,17.2,60.6
S221,Math,T002_Kumar,85,85.5,85.7,81.6
S222,Chemistry,T002_Kumar,69,69.0,64.0,79.4
S223,Chemistry,T001_Sharma,57,58.5,44.2,63.4
S224,Physics,T002_Kumar,51,63.5,61.7,78.4
S225,Physics,T004_Singh,63,64.7,57.5,57.8
S226,Biology,T005_Mehta,49,51.2,52.4,81.0
S227,English,T003_Patel,64,62.7,62.1,80.0
S228,Biology,T004_Singh,62,58.4,56.6,71.3
S229,Biology,T001_Sharma,40,38.0,37.0,87.1
S230,Chemistry,T003_Patel,74,67.2,48.9,60.8
S231,Biology,T005_Mehta,68,65.4,64.0,93.4
S232,Biology,T001_Sharma,85,80.3,78.0,63.3
S233,English,T002_Kumar,62,56.5,53.8,84.2
S234,Math,T004_Singh,60,56.9,55.4,84.3
S235,Biology,T003_Patel,77,76.4,76.1,100
S236,Biology,T001_Sharma,40,41.7,42.6,78.1
S237,Physics,T003_Patel,43,33.0,13.0,66.5
S238,Physics,T004_Singh,57,70.3,59.0,51.6
S239,Physics,T003_Patel,73,71.6,59.9,77.2
S240,Chemistry,T004_Singh,49,53.3,39.4,62.9
S241,Physics,T003_Patel,71,72.3,67.9,84.6
S242,English,T003_Patel,36,41.3,43.9,96.1
S243,Math,T003_Patel,57,73.1,81.2,82.8
S244,English,T004_Singh,39,46.1,49.7,93.0
S245,Physics,T001_Sharma,82,74.4,51.6,69.8
S246,Math,T002_Kumar,58,55.3,54.0,90.2
S247,English,T005_Mehta,40,43.5,45.2,78.1
S248,English,T001_Sharma,78,85.5,89.3,87.3
S249,Biology,T004_Singh,73,67.0,64.0,84.8
S250,English,T001_Sharma,57,51.1,48.1,85.5
S251,English,T004_Singh,68,66.8,66.2,79.4
S252,Biology,T005_Mehta,38,44.8,48.2,82.4
S253,Chemistry,T002_Kumar,83,82.8,77.6,82.7
S254,Biology,T004_Singh,46,52.8,56.2,90.9
S255,Chemistry,T005_Mehta,70,77.2,73.9,53.2
S256,Biology,T001_Sharma,62,79.9,88.9,84.6
S257,Math,T005_Mehta,62,50.7,45.1,75.0
S258,Biology,T003_Patel,42,24.8,16.2,96.6
S259,Chemistry,T005_Mehta,64,72.9,70.3,48.5
S260,Biology,T001_Sharma,50,42.6,38.8,86.0
S261,Physics,T004_Singh,54,53.9,43.8,63.5
S262,Physics,T005_Mehta,75,82.2,69.8,81.4
S263,Math,T002_Kumar,50,54.9,57.4,86.6
S264,Chemistry,T005_Mehta,44,44.7,35.1,54.5
S265,Biology,T004_Singh,83,73.3,68.5,76.9
S266,English,T005_Mehta,55,62.4,66.1,71.4
S267,Chemistry,T004_Singh,39,27.9,9.4,75.3
S268,English,T001_Sharma,57,50.1,46.7,81.6
S269,Biology,T001_Sharma,38,33.5,31.3,88.0
S270,Physics,T005_Mehta,73,64.1,53.6,71.4
S271,Biology,T005_Mehta,76,80.1,82.2,94.6
S272,English,T002_Kumar,38,24.1,17.1,87.6
S273,Math,T001_Sharma,67,65.6,64.9,79.8
S274,Biology,T004_Singh,68,63.3,61.0,81.2
S275,Math,T003_Patel,59,52.9,49.8,86.9
S276,English,T001_Sharma,85,80.1,77.6,75.4
S277,Math,T001_Sharma,70,67.2,65.7,74.6
S278,English,T002_Kumar,56,66.3,71.4,89.2
S279,Math,T003_Patel,76,73.5,72.2,72.5
S280,English,T001_Sharma,54,43.3,37.9,76.8
S281,Math,T002_Kumar,77,71.3,68.5,58.8
S282,English,T001_Sharma,76,71.4,69.1,71.5
S283,Physics,T003_Patel,54,56.4,37.5,79.5
S284,Chemistry,T002_Kumar,43,46.8,40.7,80.3
S285,English,T005_Mehta,82,83.7,84.5,80.1
S286,Math,T005_Mehta,43,39.2,37.3,78.7
S287,Chemistry,T005_Mehta,45,44.6,28.4,68.5
S288,Chemistry,T004_Singh,74,71.1,50.7,91.5
S289,Chemistry,T005_Mehta,50,44.7,22.0,92.3
S290,Chemistry,T003_Patel,78,99.8,81,60.7
S291,Math,T004_Singh,67,46.5,36.2,77.5
S292,Chemistry,T005_Mehta,43,44.8,25.7,69.2
S293,Math,T005_Mehta,41,38.7,37.5,70.3
S294,Physics,T003_Patel,40,40.5,31.8,62.5
S295,Biology,T001_Sharma,49,55.8,59.1,63.0
S296,Physics,T004_Singh,38,31.8,11.8,79.0
S297,Physics,T003_Patel,49,67.2,61.3,76.9
S298,Chemistry,T002_Kumar,37,33.5,22.8,94.0
S299,Biology,T004_Singh,74,77.2,78.9,82.1
S300,Math,T002_Kumar,44,31.7,25.6,77.1
S301,English,T004_Singh,42,43.0,43.4,74.7
S302,Physics,T001_Sharma,50,37.5,12.3,82.3
S303,Physics,T001_Sharma,66,64.8,52.2,70.8
S304,Chemistry,T003_Patel,62,69.5,55.2,72.1
S305,Chemistry,T001_Sharma,68,71.0,67.4,71.3
S306,Biology,T004_Singh,37,22.2,14.8,60.8
S307,Math,T001_Sharma,57,58.8,59.6,73.1
S308,Physics,T005_Mehta,82,82.2,66.3,65.6
S309,English,T003_Patel,76,82.3,85.5,97.5
S310,Biology,T004_Singh,75,76.8,77.7,86.9
S311,Biology,T001_Sharma,53,57.2,59.4,98.9
S312,Physics,T003_Patel,54,30.1,0,68.5
S313,Math,T001_Sharma,83,79.0,77.1,75.5
S314,Physics,T003_Patel,52,57.4,43.2,80.1
S315,Biology,T004_Singh,56,65.2,69.9,80.1
S316,Biology,T003_Patel,68,67.7,67.5,86.1
S317,Biology,T001_Sharma,62,50.1,44.2,70.8
S318,English,T003_Patel,55,60.7,63.6,87.4
S319,Math,T003_Patel,63,56.3,52.9,75.7
S320,Biology,T003_Patel,63,78.6,86.4,87.3
S321,Math,T005_Mehta,62,58.6,56.8,100
S322,Physics,T001_Sharma,77,72.1,59.6,63.3
S323,Physics,T002_Kumar,73,69.2,58.4,60.4
S324,Physics,T002_Kumar,84,79.4,71.0,63.0
S325,English,T002_Kumar,78,70.7,67.0,85.0
S326,Biology,T001_Sharma,71,76.0,78.4,89.3
S327,Math,T003_Patel,50,51.8,52.7,81.4
S328,Chemistry,T004_Singh,68,60.2,43.3,82.0
S329,Math,T004_Singh,48,54.6,57.8,81.8
S330,Biology,T002_Kumar,42,44.1,45.1,85.0
S331,Chemistry,T004_Singh,40,47.8,36.7,42.8
S332,Math,T001_Sharma,70,53.7,45.6,76.5
S333,Chemistry,T002_Kumar,85,81.3,68.5,78.5
S334,Chemistry,T002_Kumar,85,77.4,57.7,72.4
S335,Biology,T005_Mehta,43,40.4,39.1,79.3
S336,Math,T004_Singh,80,78.1,77.2,70.0
S337,Biology,T005_Mehta,39,43.9,46.4,88.2
S338,Physics,T004_Singh,64,60.9,49.3,62.0
S339,Chemistry,T004_Singh,67,69.3,62.4,69.8
S340,English,T002_Kumar,54,57.6,59.4,89.6
S341,Chemistry,T003_Patel,68,80.2,73.3,57.8
S342,Chemistry,T005_Mehta,52,56.8,52.2,79.2
S343,English,T002_Kumar,72,76.3,78.5,79.9
S344,English,T005_Mehta,56,61.7,64.5,71.2
S345,Physics,T001_Sharma,37,50.0,43.5,65.5
S346,Chemistry,T005_Mehta,61,59.5,44.8,70.0
S347,Math,T004_Singh,50,54.1,56.1,67.7
S348,Math,T004_Singh,39,37.2,36.4,76.6
S349,Biology,T004_Singh,64,67.1,68.7,95.1
S350,Math,T003_Patel,81,88.3,92.0,81.3
S351,Biology,T002_Kumar,83,75.9,72.4,91.3
S352,Math,T002_Kumar,64,70.3,73.4,89.6
S353,Chemistry,T001_Sharma,38,36.0,17.0,83.4
S354,Chemistry,T002_Kumar,55,66.7,61.5,64.2
S355,Chemistry,T004_Singh,67,50.9,22.9,77.1
S356,Physics,T001_Sharma,60,39.1,17.7,70.9
S357,English,T003_Patel,38,46.9,51.3,85.6
S358,Biology,T003_Patel,69,72.8,74.7,82.2
S359,Chemistry,T003_Patel,81,75.6,66.9,81.1
S360,Biology,T001_Sharma,71,64.0,60.5,78.4
S361,Math,T001_Sharma,59,45.4,38.6,81.5
S362,Math,T005_Mehta,78,74.8,73.2,78.6
S363,Physics,T004_Singh,58,60.0,45.0,61.5
S364,Chemistry,T002_Kumar,73,63.6,52.9,71.2
S365,Physics,T002_Kumar,80,75.5,54.2,83.8
S366,Chemistry,T005_Mehta,67,78.8,69.7,93.4
S367,Chemistry,T004_Singh,74,73.5,58.3,61.9
S368,English,T005_Mehta,69,58.7,53.6,82.8
S369,Biology,T001_Sharma,58,56.1,55.2,86.2
S370,Biology,T005_Mehta,54,57.7,59.6,66.6
S371,Physics,T005_Mehta,65,63.9,51.3,89.4
S372,Physics,T005_Mehta,65,70.4,56.1,86.8
S373,Chemistry,T002_Kumar,37,25.8,9.3,63.8
S374,Physics,T004_Singh,55,47.8,33.2,78.0
S375,Biology,T005_Mehta,84,77.1,73.6,74.7
S376,Physics,T002_Kumar,68,69.9,50.8,82.3
S377,English,T004_Singh,55,63.5,67.8,79.0
S378,English,T003_Patel,69,60.6,56.4,95.6
S379,Math,T005_Mehta,65,67.1,68.2,89.0
S380,English,T003_Patel,49,70.2,80.8,71.8
S381,Math,T002_Kumar,79,77.1,76.1,73.6
S382,Math,T005_Mehta,85,83.8,83.2,73.9
S383,English,T005_Mehta,59,65.4,68.5,75.9
S384,Math,T002_Kumar,53,72.3,81.9,88.5
S385,Physics,T003_Patel,63,55.6,40.9,55.5
S386,Chemistry,T005_Mehta,52,63.3,59.9,64.4
S387,Physics,T005_Mehta,82,76.9,62.4,67.4
S388,Chemistry,T001_Sharma,41,30.1,16.7,81.9
S389,Chemistry,T001_Sharma,70,74.6,57.0,71.0
S390,Biology,T002_Kumar,83,89.9,93.3,80.0
S391,Physics,T001_Sharma,76,67.2,56.7,65.3
S392,Chemistry,T004_Singh,46,48.0,32.0,70.7
S393,Biology,T002_Kumar,82,99.7,100,76.6
S394,Physics,T001_Sharma,54,50.5,33.8,69.6
S395,Math,T004_Singh,76,67.0,62.5,78.9
S396,Chemistry,T005_Mehta,64,61.9,45.9,93.6
S397,Chemistry,T004_Singh,76,75.8,60.6,79.7
S398,Math,T005_Mehta,78,78.2,78.3,75.8
S399,Biology,T004_Singh,67,63.2,61.3,90.9
S400,Physics,T002_Kumar,43,24.4,10.2,76.0
S401,Math,T004_Singh,50,44.0,41.1,84.6
S402,Math,T003_Patel,72,71.8,71.7,80.5
S403,Math,T002_Kumar,38,33.6,31.4,72.3
S404,Chemistry,T004_Singh,78,61.0,38.5,71.6
S405,Physics,T003_Patel,58,53.8,42.7,66.4
S406,Biology,T002_Kumar,64,63.8,63.8,68.4
S407,Biology,T005_Mehta,65,65.7,66.0,64.0
S408,Chemistry,T002_Kumar,78,78.5,71.7,47.6
S409,English,T004_Singh,68,67.1,66.6,78.1
S410,English,T001_Sharma,38,46.2,50.3,63.0
S411,Chemistry,T005_Mehta,69,73.2,56.3,80.7
S412,Physics,T002_Kumar,80,77.0,56.5,69.4
S413,Physics,T004_Singh,43,34.2,23.8,70.9
S414,English,T004_Singh,78,82.5,84.7,67.0
S415,Biology,T003_Patel,35,34.7,34.6,68.9
S416,Physics,T004_Singh,57,53.9,46.4,57.7
S417,Physics,T004_Singh,37,35.8,26.3,79.4
S418,Biology,T003_Patel,59,42.1,33.6,89.1
S419,Biology,T004_Singh,40,35.2,32.8,68.6
S420,English,T002_Kumar,76,78.6,79.9,78.1
S421,English,T004_Singh,68,83.5,91.2,100
S422,Physics,T001_Sharma,54,41.6,17.4,76.4
S423,English,T004_Singh,49,49.1,49.2,91.2
S424,Math,T002_Kumar,81,81.2,81.3,79.5
S425,Biology,T005_Mehta,84,99.4,100,73.8
S426,Chemistry,T002_Kumar,39,40.7,35.5,73.9
S427,Chemistry,T001_Sharma,60,50.8,40.1,77.6
S428,Chemistry,T005_Mehta,53,54.8,40.7,98.6
S429,English,T005_Mehta,84,80.7,79.1,74.2
S430,Math,T002_Kumar,77,68.8,64.7,80.6
S431,Math,T001_Sharma,70,85.6,93.4,75.5
S432,Chemistry,T004_Singh,70,48.6,20.9,72.9
S433,English,T003_Patel,79,75.1,73.1,84.9
S434,Biology,T002_Kumar,83,77.2,74.3,80.2
S435,Chemistry,T003_Patel,80,85.5,82.2,82.5
S436,English,T004_Singh,61,57.0,55.0,80.1
S437,Chemistry,T003_Patel,48,46.4,26.6,76.3
S438,Math,T001_Sharma,69,68.2,67.8,75.6
S439,Math,T004_Singh,78,76.2,75.3,80.3
S440,Physics,T002_Kumar,83,72.8,56.7,62.6
S441,Biology,T002_Kumar,56,50.3,47.4,100
S442,Chemistry,T002_Kumar,82,100,80,100
S443,Chemistry,T005_Mehta,80,85.0,72.5,97.6
S444,Math,T004_Singh,64,56.6,52.9,80.0
S445,Math,T003_Patel,67,73.6,77.0,74.5
S446,Biology,T003_Patel,48,42.3,39.5,89.5
S447,English,T002_Kumar,82,85.8,87.7,88.2
S448,English,T005_Mehta,81,77.0,75.0,84.8
S449,Math,T002_Kumar,59,53.6,50.8,78.8
S450,English,T003_Patel,51,51.8,52.2,70.5
S451,Biology,T004_Singh,45,44.2,43.8,72.7
S452,Chemistry,T005_Mehta,66,72.8,70.1,95.0
S453,English,T001_Sharma,39,50.2,55.8,77.0
S454,Physics,T004_Singh,43,46.2,38.8,64.7
S455,Physics,T002_Kumar,67,64.3,42.9,73.2
S456,Biology,T001_Sharma,35,26.9,22.9,79.9
S457,Physics,T005_Mehta,81,77.6,70.9,100
S458,English,T004_Singh,46,48.8,50.2,84.8
S459,Chemistry,T002_Kumar,47,42.5,24.3,65.7
S460,Math,T004_Singh,40,34.3,31.4,89.3
S461,English,T002_Kumar,79,80.8,81.8,97.0
S462,Physics,T001_Sharma,40,33.6,10.3,78.5
S463,Physics,T001_Sharma,79,83.5,67.7,84.4
S464,Math,T005_Mehta,41,55.2,62.2,68.2
S465,Chemistry,T002_Kumar,79,85.9,83.4,63.1
S466,Physics,T003_Patel,69,67.1,51.1,70.8
S467,Physics,T002_Kumar,72,81.2,68.7,89.5
S468,Physics,T003_Patel,45,35.5,13.7,65.9
S469,English,T003_Patel,59,59.2,59.2,76.5
S470,Physics,T005_Mehta,82,84.6,67.9,71.4
S471,Chemistry,T001_Sharma,56,47.3,25.9,61.8
S472,Math,T001_Sharma,75,71.3,69.5,100
S473,Biology,T002_Kumar,57,49.7,46.0,78.8
S474,Chemistry,T005_Mehta,77,67.0,47.9,86.1
S475,Chemistry,T001_Sharma,40,39.1,29.7,83.7
S476,Biology,T003_Patel,58,58.6,59.0,82.6
S477,Math,T004_Singh,58,58.3,58.4,77.4
S478,Physics,T002_Kumar,62,52.3,29.5,76.8
S479,Physics,T001_Sharma,40,37.9,21.8,76.2
S480,Biology,T001_Sharma,53,41.1,35.1,91.0
S481,English,T002_Kumar,71,58.9,52.9,80.0
S482,Chemistry,T002_Kumar,52,49.1,40.6,85.3
S483,Chemistry,T004_Singh,52,43.9,32.9,78.6
S484,Math,T003_Patel,50,48.3,47.4,70.5
S485,English,T002_Kumar,64,69.3,72.0,87.3
S486,Biology,T003_Patel,74,62.4,56.6,95.6
S487,Biology,T003_Patel,62,68.3,71.5,63.8
S488,English,T002_Kumar,54,45.7,41.5,100
S489,Chemistry,T004_Singh,55,58.5,45.3,82.9
S490,Math,T004_Singh,71,72.4,73.1,73.3
S491,Math,T004_Singh,58,65.8,69.7,90.5
S492,English,T005_Mehta,46,41.8,39.7,70.5
S493,Biology,T002_Kumar,63,67.5,69.7,64.0
S494,Physics,T004_Singh,78,66.7,49.0,72.1
S495,Math,T002_Kumar,80,73.1,69.7,86.5
S496,Biology,T005_Mehta,65,56.4,52.1,75.9
S497,Biology,T005_Mehta,37,38.9,39.9,72.9
S498,English,T005_Mehta,75,78.3,80.0,79.5
S499,Chemistry,T003_Patel,45,43.5,25.8,69.1
S500,Math,T004_Singh,41,47.2,50.3,82.5
S501,English,T005_Mehta,70,60.8,56.3,75.7
S502,Biology,T003_Patel,60,48.3,42.4,85.5
S503,English,T002_Kumar,57,66.2,70.8,81.8
S504,Math,T004_Singh,40,54.2,61.3,97.8
S505,Chemistry,T003_Patel,54,46.3,22.4,89.5
S506,Math,T004_Singh,41,29.6,23.8,87.9
S507,Math,T001_Sharma,54,66.1,72.2,86.4
S508,Physics,T003_Patel,76,87.1,80.6,85.7
S509,English,T002_Kumar,70,75.5,78.2,92.8
S510,Biology,T002_Kumar,60,56.5,54.7,77.3
S511,Biology,T004_Singh,36,34.7,34.0,61.3
S512,Biology,T005_Mehta,62,52.4,47.6,92.0
